阿司匹林,2
阿尔卑斯糖,4
艾草,4
艾叶,4
安全帽,1
安全套,8
按摩棒,8
密胺碗,1
密胺餐具,1
档案袋,1
肮脏塑料袋,8
棉袄,1
芭蕉叶,4
八角,4
八宝饭,4
八宝粥,4
锅巴,4
泥巴,8
巴旦木壳,4
扫把,8
拖把,8
旧拖把,8
浴霸灯,1
浴霸灯泡,2
白菜,4
白纸,1
百洁布,8
玻璃摆件,1
一般铁罐,1
板栗,4
复印件版纸,1
干拌面,4
搅拌棒,8
搅拌勺,8
花瓣,4
衣服半成品,1
手办,1
蹄膀,4
鸡翅膀,4
蹄膀骨头,8
棒骨,8
胶棒,8
棉棒,8
蚌壳,8
包包,1
包子,4
布包,1
包装薄膜,8
塑料薄膜,8
薄型塑料袋,8
保健品,2
保龄球,8
保暖杯,1
汉堡,4
汉堡包,4
汉堡盒,8
宝特瓶,1
抱枕,1
报刊,1
报纸,1
海报,1
鲍鱼,8
鲍鱼壳,8
爆竹,8
爆米花,4
铁杯,1
纸杯,8
旧背包,1
贝壳,8
扇贝,8
贝壳类,8
电脑设备,1
被单,1
被套,1
被芯,1
本子,1
绘本,1
课本,1
绷带,8
鼻毛,8
鼻屎,8
鼻涕纸,8
笔,8
笔袋,8
雪碧瓶,1
碧根果壳,8
冥币,8
游戏币,1
避孕套,8
避孕药,2
用过的避孕套,8
鞭炮,8
牛鞭,4
纸张鞭炮,8
编织袋,8
便签,8
变质食品,4
变质的食物,4
标签,8
鼠标,1
标签卡,8
手表,1
钟表,1
电表盒,1
别针,8
曲别针,8
瘪掉的篮球,1
冰袋,8
冰柜,1
冰糖,4
葡萄柄,4
游戏手柄,1
丙烯,8
饼干,4
大饼,4
粉饼,8
病人换下来的纸尿裤,8
玻璃,1
玻璃杯,1
玻璃尺,1
菠菜,4
菠萝,4
菠萝干,4
数字音乐播放器,1
微波炉,1
铂金纸,8
铝箔,1
鋁箔,1
锡箔,8
鸭脖,4
鸭脖子,4
捕蚊灯,1
萝卜,4
胡萝卜,4
萝卜干,4
不锈钢,1
不粘锅,1
尿不湿,8
布,1
布袋,1
电话簿,1
板擦儿,8
擦屎纸,8
擦手巾,8
药材,4
彩笔,8
彩电,1
彩票,8
菜,4
餐盒,8
餐巾,8
餐纸,8
西洋参,4
蚕丝,1
蚕豆壳,4
残羹,4
残花,4
残枝,4
苍蝇,4
苍蝇拍,8
草,4
草莓,4
厕纸,8
厕所纸,8
手册,1
相册,8
宣传册,1
插排,1
插头,1
插座,1
叉子,1
塑料叉子,8
一次性叉子,8
茶,4
茶包,8
茶袋,8
搽鼻涕纸,8
火柴,8
硅胶铲,8
木铲板,1
电器产品,1
电子产品,1
水产类弃物,4
常温牛奶盒,1
常温牛奶盒子,1
平常喝的茶叶,4
长靴,1
长毛绒,1
长生果,4
红肠,4
香肠,4
鱼肠,4
唱片,8
黑胶唱片,8
超能胶,8
手抄报,8
点钞机,1
过朝食品,4
防潮盒,1
防潮剂,8
吸潮剂,8
炒面,4
炒板栗,4
炒花生壳,4
尘土,8
灰尘,8
陈皮,4
衬衫,1
衬衣,1
橙,4
橙皮,4
橙子,4
中成药,2
成人尿布,8
集成电路板,1
体重秤,1
吃过的甘蔗,4
吃剩的快餐,4
吃过的棒棒糖,8
钥匙,1
车钥匙,8
金属汤匙,1
電池,2
蓄电池,2
充电电池,2
齿轮,1
牙齿,8
掉下来的牙齿,8
尺,8
尺子,1
铁尺,1
鸡翅,4
鸡翅骨头,4
白炽灯,2
白炽灯泡,2
充电宝,1
充电器,1
充电线,1
冲泡饮料,4
虫,4
虫子,4
米虫,4
宠物毛,8
抽纸,8
绸带,1
丝绸制品,1
臭豆腐,4
臭鸡蛋,4
臭袜子,8
打印出来的纸,1
厨余,4
厨房纸,8
厨房垃圾,4
除草剂,2
除湿盒,1
除湿机,1
传单,1
传真机,1
传真纸,1
手串,8
窗帘,1
窗纱,8
床单,1
创可贴,8
创口贴,8
用的创可贴,8
吹风机,1
电吹风,1
锤子,1
铁锤,1
春梅,4
唇膏,8
润唇膏,8
磁带,8
磁卡,8
磁铁,1
瓷片,8
瓷器,8
瓷碗,8
鱼刺,4
一次性碗,8
一次塑料杯,8
一次性杯子,8
葱,4
葱蒜,4
大葱,4
醋瓶,1
脆骨,4
水果脆,4
内存条,1
3.5英寸软盘,8
打包袋,8
打包盒,8
打底裤,1
担担面,4
鸡毛掸,8
鸡毛掸子,8
海胆,4
海胆壳,8
鸡旦壳,4
淡菜,4
弹簧,1
子弹,8
蛋,4
蛋糕,4
蛋黄,4
麦当劳纸袋,1
刀片,1
飞刀,1
剪刀,1
导线,1
塑料管道,1
拍立得,1
的确良,1
破的碗,8
贝壳的肉,4
灯管,2
灯泡,2
登山杖,1
低温牛奶盒子,1
竹笛,8
底片,8
粉底,8
地毯,1
烟蒂,8
香烟蒂,8
抽完的烟蒂,8
快递袋,8
快递盒,1
快递箱,1
糕点,4
早点盒,8
垫子,1
护垫,8
电灯,1
电锅,1
淀粉,4
木雕,1
掉落的头发,8
吊牌,8
衣服吊牌,8
钓鱼竿,8
钓鱼钩,8
钓鱼线,8
空调,1
空调机,1
空调扇,1
碟片,8
光碟,8
碗碟,8
丁字裤,8
铁钉,1
图钉,8
洋钉,1
机顶盒,1
吸顶灯,2
电视机顶盒,1
订书钉,8
订书机,1
订书针,8
冬瓜,4
冬笋壳,4
冬枣核,4
动物毛,8
果冻,4
果冻盒,8
冷冻食品,4
电熨斗,1
水斗漏网,8
大豆,4
豆腐,4
豆类,4
毒鼠强,2
杀毒剂,2
消毒药片,2
电子书阅读器,1
杜蕾斯,8
温度计,2
废温度计,2
电子温度计,1
短裤,8
缎带,1
多肉,4
多肉植物,4
养乐多瓶,1
花朵,4
鹅,4
儿童玩具,1
婴儿尿布,8
耳环,1
耳机,1
耳屎,8
二手衣物,1
发胶,8
发蜡,8
发票,8
盐酸伐昔洛韦片,2
书法纸,1
帆布包,1
番茄,4
番薯,4
番茄酱,4
饭,4
菜饭,4
饭菜,4
魔方,8
方便筷,8
方便面,4
防腐剂,8
纺织布,1
纺织品,1
纺织物,1
放大镜,1
录放机,1
咖啡,4
咖啡包,4
咖啡袋,8
飞机杯,8
肥料,8
肥皂,8
花肥,8
夫妻肺片,4
废铝,1
废书,1
废铁,1
电费账单,1
粉笔,8
信封,1
封箱带,8
密封袋,8
蜂蜜罐,1
风扇,1
风衣,1
风筝,8
缝纫针,8
敷料,8
护肤品,8
润肤霜,1
护肤霜瓶,1
服装,1
衣服,1
废衣服,1
腐肉,4
复写纸,8
复印机,1
复印纸,1
富贵竹,4
高附加值可回收物,1
咖啡纸杯(内表面附塑料膜),8
涂改笔,8
氯化钙除湿剂,8
笔盖,8
锅盖,8
铝盖,1
干果,4
干花,4
甘蔗,4
甘蔗皮,8
甘蔗渣,4
笔杆,8
晾衣杆,1
桔柑,4
竹竿,8
鸡肝,4
感光片,2
感冒药,2
感光胶片,2
麦秆,4
钢笔,8
烟缸,1
鱼缸,1
高粱,4
乐高,1
高跟鞋,1
石膏,8
牙膏,8
糕饼,4
草稿纸,1
写过的草稿纸,1
广告单,1
广告纸,1
小广告,1
大哥大,1
鸽子,4
皮革,1
旧包皮革,1
皮革制品,1
蛤蜊,8
蛤蟆,4
花蛤,8
隔离霜,8
隔夜菜,4
个人计算机,1
各式皮包,1
各类刀、刀片,1
各类过期食品,4
菜根,4
树根,4
菜梗,4
桔梗,4
菜梗菜叶,4
工资卡,1
美工刀,1
公仔,1
公交卡,1
含汞体温计,2
含汞温度计,2
含汞血压计,2
铁钩,1
勾线笔,8
水垢,8
购物纸袋,1
塑料购物袋,8
纸质购物袋,1
菌菇,4
蘑菇,4
香菇,4
晒鼓墨盒,1
古筝,1
大骨,8
谷物,4
鸡屁股,4
鸭屁股,4
烟屁股,8
固体胶,8
雨刮器,8
刮胡子刀片,1
汽车雨刮器,8
瓜,4
瓜果,4
挂历,1
挂钟,1
挂号纸,1
铝管,1
吸管,8
罐头,1
铝罐,1
陶罐,8
光盘,8
光驱,1
玫瑰,4
玫瑰花,4
干枯玫瑰花,4
硅胶,8
乌龟壳,8
桂圆,4
桂圆核,4
桂圆壳,4
铁棍,1
冰棍棒,8
糖葫芦棍,8
锅,1
过滤盒,8
过滤器,8
哈密瓜皮,4
孩子尿片,8
小孩尿布,8
海带,4
有害垃圾,2
含油抹布,8
焊丝,1
汗衫,1
记号笔,8
取号纸,8
喝过的茶叶,4
喝完的药瓶,2
喝过的茶叶渣,4
荷包蛋,4
果核,4
梨核,4
桃核,4
糖和藕粉,4
铝合金,1
复合包装,8
合金玩具,1
笔盒,1
饭盒,8
河豚,4
贺卡,1
黑豆,4
黑猪,4
烘干机,1
烘手器,1
红笔,8
红薯,4
猕猴桃,4
厚纸板,1
厚塑料袋,8
厚型塑料袋,8
粉碎后的打印纸,8
洗净后的牛奶盒,1
打印后的彩色照片,2
呼叫器,1
珊瑚,8
茶壶,8
油壶,1
玻璃壶,1
胡子,8
胡椒粉,4
浆糊,8
虎牙,8
护目镜,8
花,4
菜花,4
华为手机,1
金华火腿,4
精华液瓶,1
防滑垫,1
润滑剂,8
润滑油,8
画笔,8
画纸,1
胶画,8
绿化,4
钢化膜,8
电话,1
话梅,4
话筒,1
坏发卡,8
坏钢笔,8
手环,8
环保袋,1
黄豆,4
黄瓜,4
灰,8
徽章,8
回收物,1
回形针,8
可回收,1
花卉,4
花卉绿植,4
花卉植物,4
会员卡,1
婚戒,1
结婚证书,1
活性炭,8
活性炭滤芯,8
火锅,4
干货,4
干垃圾,8
干拉圾,8
垃圾袋,8
火机,8
积木,1
木积木,1
塑料积木,1
冰激淋,4
冰激凌,4
冰激凌木棒,8
鸡,4
鸡蛋,4
书籍,1
水产及其加工食品,4
食物残渣及宠物饲料,4
急支糖浆,2
月季,4
药剂,2
除湿剂,8
计算机,1
计算器,1
体温计,2
笔记本,1
笔记本纸,1
夹克,1
衣夹,8
马夹袋,8
家电,1
废家电,1
加湿器,1
加工类食品,4
肉蛋加工食品,4
花甲,8
甲油,2
甲鱼,4
高铁酸钾,2
假发,8
假牙,8
假发套,8
铁架,1
坚果,8
坚果壳,8
坚果果壳,8
卫生间纸,8
打印间碎纸,1
卫生间废纸,8
煎鍋,1
生煎,4
生煎包,4
碱性无汞电池,8
剪纸,8
剪子,1
键盘,1
废键盘,1
文件袋,8
文件夹,1
过期保健品,2
蜜饯,4
姜,4
生姜,4
麻将牌,8
麻将台,1
豆浆袋,8
豆浆袋子,8
果酱,4
酱料,4
酱汁,4
可降解塑料,1
可降解垃圾袋,8
可降解塑料袋,8
香蕉,4
烂香蕉,4
菜椒,4
花椒,4
辣椒,4
交通卡,1
木质搅拌棒,8
泔脚,4
脚皮,8
猪脚,4
菱角,4
牛角,8
饺子,4
水饺,4
水饺袋,8
污染较严重的纸张,8
接线板,1
节能灯,2
废节能灯,2
节能灯管,2
桔,4
假睫毛,8
睫毛膏,8
睫毛刷,8
清洁瓶,1
毛豆结,4
结成团的猫砂,8
戒指,1
金戒指,1
毛巾,8
湿巾,8
牛筋,4
皮筋,8
黄金,1
金属,1
金鱼,4
香烟灰烬,8
根茎蔬菜,4
蔬菜茎叶,4
水果茎枝,4
液晶屏,1
液晶电视,1
鸡精,4
味精,4
镜子,8
墨镜,8
眼镜,8
净水器,1
干净塑料,1
净水滤芯,8
韭菜,4
针灸针,8
酒酿,4
酒瓶,1
旧报,1
旧书,1
旧鞋,1
聚乙烯饭盒,8
收据,8
数据线,1
皮具,1
蛋卷,4
胶卷,2
卷烟,8
杀菌剂,2
无菌包装塑料,8
卡,8
开心果,4
开心果壳,4
旧报刊,1
糠,4
糠饼,4
考卷,1
考试卷,1
烤箱,1
烧烤棒,8
靠垫,1
靠枕,1
笔壳,8
咳嗽糖浆,2
可擦笔,8
扑克,1
马克笔,8
空罐头,1
空酒瓶,1
遥控车,1
遥控器,1
空调遥控器,1
口红,8
口罩,8
纽扣,8
钮扣,8
纽扣电池,2
枯叶,4
枯枝,4
干枯花,4
裤袜,1
裤子,1
铁块,1
筷子,8
木筷,1
竹筷,8
快餐盒,8
塑料筐,1
塑料篮筐,1
塑料水果筐,1
相框,1
黑框眼镜,8
矿水瓶,1
矿泉水瓶,1
矿泉水瓶子,1
头盔,8
葵花籽,4
葵花子壳,4
葵花籽壳,4
死昆虫,4
垃圾桶,1
拉链,8
拉拉裤,8
蜡笔,8
蜡纸,8
腊肉,4
辣酱,4
辣条,4
剩莱,4
一次性莱盒,8
自来水滤芯,8
蓝莓干,4
塑胶菜蓝子,1
花篮,8
篮球,1
竹篮,8
西兰花,4
电缆,1
烂桔,4
烂桃,4
烂菜叶,4
槟榔,4
榔头,1
槟榔壳,4
老鼠药,2
死老鼠,4
奶酪,4
可乐杯,8
可乐罐,1
肋骨,8
肋排,4
布类,1
蛋类,4
擦眼泪的纸,8
瓦楞纸,1
冷饮,8
冷饮棒,8
冷饮袋,8
车厘子,4
梨,4
离心纸,8
钢笔里的墨囊,8
纸制糖果礼盒,1
荔枝核,4
荔枝壳,4
荔枝干壳,4
栗子,4
板栗壳,4
可丽饼,4
麦丽素,4
日历,1
台历,1
便利贴,8
乐利包,1
利乐包,1
果粒,4
牛肉粒包装袋,8
沥水架,1
磁力片,8
魔力擦,8
巧克力,4
琉璃,1
联通卡,8
莲藕,4
莲蓬,4
莲雾,4
连裤袜,1
连衣裙,1
骨肉相连,4
洗脸巾,8
护脸霜瓶,1
塑料脸盆,1
项链,1
金属拉链,1
练习本,1
狗粮,4
粮食,4
猫粮,4
凉皮,4
凉席,8
空调两用风扇,1
少量泥土,8
晾衣架,1
塑料晾衣架,1
坏了的碗,1
破了的碗,1
坏了的玩具,1
布料,1
盘尼西林,2
鱼鳞,4
鱼鳞鱼肠,4
冰淇淋,4
零食,4
零食袋,8
零食罐,8
哑铃,1
马铃薯,4
马铃薯片,4
领带,1
红领巾,1
毛领子,1
溜溜球,8
榴莲干,4
榴莲核,8
榴莲壳,8
镇流器,1
电子镇流器,1
龙虾,4
大龙虾,4
龙虾壳,4
鸟笼,8
芦荟,4
芦稷,4
芦稷皮,8
甜卢蜀,4
炉渣,8
电磁炉,1
电暖炉,1
卤素灯,2
卤素灯泡,2
花露水瓶,1
沐浴露瓶,1
洗发露瓶,1
电路板,1
路由器,1
线路板,1
录像带,2
录音机,1
铝,1
旅行袋,1
旅游时报,1
滤网,8
滤芯,8
绿豆,4
绿萝,4
海螺,8
花螺,8
螺帽,1
绿箩,4
落发,8
落叶,4
落花生,4
姨妈巾,8
老干妈辣酱,4
麻布,1
麻袋,8
麻绳,8
密码锁,1
马肉,4
买菜的包装袋,8
麦子,4
烧卖,4
外卖盒,8
外卖餐盒,8
馒头,4
蔓藤,4
藤蔓,4
漫画,1
漫画书,1
芒果,4
芒果干,4
芒果核,4
貂毛,8
狗毛,8
帽子,1
浴帽,8
泡沫箱属于什么垃圾,1
杨梅,4
发霉食物,4
煤饼,8
煤灰,8
煤渣,8
没用过尿片,8
没用过的纸杯,8
没用过的尿不湿,8
眉笔,8
美瞳,8
门锁,1
柠檬,4
米,4
大米,4
菠萝蜜,4
棉,1
海绵,8
海绵垫,8
海绵纸,8
面,4
面包,4
灭火器,1
灭蚊剂,2
废灭火器,1
玻璃器皿,1
明信片,8
三明治,4
说明书,1
名画,8
名片,1
塑料模型,1
面膜,8
磨刀器,1
磨砂膏,8
摩丝,8
摩易擦,8
魔笔,8
抹布,8
废抹布,8
旧抹布,8
速溶饮料粉末,4
墨粉,8
墨盒,1
默写本,1
泡沫,1
肉沫,4
泡沫板,1
牡蛎壳,8
牡蛎肉,4
吃剩下的牡蛎壳,8
屏幕,1
荧幕,1
电脑屏幕,1
树叶是那种垃圾,4
收纳箱,1
塑料收纳盒,1
奶粉,4
奶盒,1
南瓜,4
南瓜皮,4
南瓜子壳,4
笔囊,8
胶囊,2
墨囊,8
电脑,1
猪脑,4
电脑包,1
闹钟,1
内裤,8
内衣,8
内脏,4
花泥,8
尼龙绳,8
尼龙丝袜,8
尼龙制品,8
油腻的餐巾纸,8
年糕,4
少年报,1
尿布,8
尿垫,8
尿裤,8
镍镉电池,2
牛,4
塑料纽扣,1
农药片,2
圣女果,4
女生内衣,8
女性卫生用品,8
暖瓶,1
保暖瓶,1
呕吐包,8
呕吐物,4
布偶,1
玩偶,1
布玩偶,1
手帕,8
电蚊拍,1
大排,4
鸡排,4
铜牌,1
菠萝派,4
U盘,1
乒乓板,8
乒乓球,1
日抛美瞳,8
灯炮,2
泡面,4
泡馍,4
水培植物,4
电脑配件,1
铝喷雾瓶,1
喷蟑螂瓶,2
杀虫喷雾,2
花盆,8
铝盆,1
盆栽,4
帐篷,1
膨化食品,4
膨化食品包装,8
披萨,4
雨披,8
披萨盒,8
啤酒盖,1
啤酒罐,1
啤酒瓶,1
菜皮,4
草皮,4
漂白粉,8
漂白剂罐,2
票,8
食品,4
饰品,8
药品,2
苹果,4
烂苹果,4
苹果核,4
平底锅,1
平板玻璃,1
平板电脑,1
电瓶,1
破布,1
破碗,8
破瓷品,8
扑克牌,1
猪肉铺,4
葡萄,4
葡萄皮,4
普通塑料袋,8
过期药,2
过期饼干,4
漆桶,2
油漆,2
废油漆,2
其他垃圾桶,1
象棋,8
曲奇,4
吃过的奇趣蛋,8
电器,1
陶器,8
气球,8
充气娃,1
煤气罐,1
废弃布包,1
废弃地毯,1
废弃电线,1
铅笔,8
铅桶,1
铅芯,8
棉签,8
指甲钳,1
金枪鱼罐头,1
墙刷,8
一块墙皮,8
强化玻璃,1
敲碎的碗,8
巧克力袋子,8
巧克力盒子,8
茄子,4
电子琴,1
芹菜,4
芹菜叶,4
家禽内脏,4
青菜,4
氢气罐,1
氢气球,8
氢气球充气钢瓶,1
滤清器,8
汽车空气滤清器,1
情趣内衣,8
琼脂,4
营养琼脂,4
秋衣,1
棉球,8
皮球,1
驱蚊瓶,1
发圈,8
铁圈,1
甜甜圈,4
围裙,1
燃油罐,1
染发剂罐,2
染发剂壳,2
污染报纸,8
丝瓜瓤,4
电热毯,1
退热贴,8
电热水袋,1
杏仁,4
瓜子仁,4
虾仁壳,4
无人机,1
仙人球,4
日报,1
日光灯,2
有机溶剂,2
速溶咖啡包装,8
电容器,1
美容仪,1
玻璃制容器,1
绒娃娃,1
绒线衣,1
羽绒被,1
棉柔巾,8
肉,4
大骨（如：猪腿骨）,8
乳牙,8
豆腐乳,4
沐浴乳,8
入厕用纸,8
软骨,4
软盘,8
软糖,4
润发乳,8
花洒,1
披萨饼盒,8
木塞,8
软木塞,8
酒瓶塞子,8
三杯鸡,4
三文鱼,4
伞,8
雨伞,8
旧雨伞,8
散粉,8
桑叶,4
扫帚,8
扫地机,1
彩色笔,8
标签色带,8
彩色玻璃,1
猫砂,8
砂锅,8
砂皮,8
杀虫剂,2
猫沙,8
纱布,8
纱窗,8
防晒霜,8
防晒霜罐,1
山芋,4
山竹,4
羊毛衫,1
电扇,1
烫伤膏,2
纸质商标,8
上衣,1
床上用品,1
烧鸡,4
红烧肉,4
勺子,1
塑料勺,8
蛇皮袋,8
摄像机,1
摄像头,1
注射器,8
无菌注射器包装,8
养身壶,1
花生,4
生菜,4
生蚝,8
棉绳,8
绳子,1
盛装湿垃圾的垃圾袋,8
剩菜,4
剩餐,4
剩饭,4
螺狮,4
螺狮壳,4
施工安全帽,1
湿纸,8
使用的餐巾纸,8
使用过的餐盒,8
使用过的猫砂,8
废台式机,1
硬式磁碟机,1
显示器,1
显示屏幕,1
芝士,4
芝士片,4
西红柿,4
乐事薯片,4
擦拭过的餐巾纸,8
油漆稀释剂,2
电视,1
电视机,1
废电视,1
试卷,1
试纸,8
寿司,4
受污纸巾,8
受潮的纸张,1
受过污染的纸,8
蔬菜,4
蔬果,4
烂蔬菜,4
木梳,1
梳子,8
木梳子,1
书,1
熟菜,4
熟鸡蛋,4
熟虾壳,4
薯片,4
甜芦黍,4
废金属,1
金属罐,1
美术袋,8
美术黏土,8
树皮,4
数学书,1
漱口水瓶子,1
牙刷,8
化妆刷,8
面霜,8
眼霜,8
双面胶,8
双面胶带,8
爽肤水瓶,1
胶水,8
水笔,8
水彩,8
纸质说明书,1
瓦斯桶,1
手撕猪肉,4
钢丝,1
死花,4
饲料,4
猫饲料,4
饲料袋,8
松子,4
松子壳,4
松木猫砂,8
素菜,4
快速面盒,8
速冻饺子,4
速冻水饺,4
粟子壳,4
甜芦粟,4
甜芦粟皮,8
塑料,1
废塑料,1
酸奶袋,8
酸奶盖,8
蒜,4
大蒜,4
废弃计算机,1
碎布,1
碎瓷,8
碎骨,4
玉米穗,4
破损瓷器,8
污损纸张,8
破损垃圾袋,8
笋壳,4
笋皮,4
竹笋,4
梭子蟹,4
压缩瓶,1
锁,1
锁头,1
厕所手纸,8
蛋挞,4
蛋挞壳,8
蛋挞皮,4
废踏垫,8
脚踏板,8
海苔,4
海苔袋子,8
台灯,1
印台,8
太阳帽,1
太阳能热水管,1
太阳能热水器,1
痰盂罐,1
毛毯,1
碳灰,8
碳粉匣,1
碳纤维,8
木炭,8
炭包,8
汤骨,8
鱼汤,4
火锅汤底,4
搪瓷,1
搪瓷杯,8
搪瓷碗,1
糖,4
红糖,4
麻辣烫,4
黄桃,4
桃板,4
淘宝纸盒,1
碎陶,8
陶瓷,8
笔套,8
耳套,1
藤席,8
旧手提包,1
手提电脑,1
蹄髈,4
猪蹄,4
擦鼻涕纸,8
剃须刀,1
剃须刀片,1
剃须泡瓶,1
泡沫填充,8
田螺,4
甜瓜,4
布条,1
面条,4
跳蛋,8
跳跳糖包装袋,8
贴纸,8
铁,1
暖宝宝帖,8
餐厅纸,8
家庭花卉,4
家庭绿化,4
家庭盆栽树叶,4
铜皮,1
废铜烂铁,1
儿童尿不湿,8
儿童电动玩具,1
木桶,1
筒骨,8
针筒,2
骨头,8
透明胶,8
透明胶带,8
一次性透明盒子,8
地图,1
图画,8
涂料,2
涂料桶,2
屠龙刀,1
土豆,4
兔肉,4
兔头,4
饭团,4
线团,8
纸团,8
火腿,4
鸡腿,4
腿骨,8
拖鞋,8
蛋挞托,8
食物托盘,1
塑料托盘,1
脱水机,1
脱氧剂,8
食品用脱氧剂,8
牛蛙,4
牛蛙骨头,4
布娃娃,1
棉袜,1
丝袜,8
外套,1
水笔外壳,8
豌豆壳,4
豌豆殼,4
玩具,1
药丸,2
蟑螂丸,2
擦完嘴的纸,8
碗,8
茶碗,8
万能胶水,8
网线,1
鱼网,8
望远镜,1
夏威夷果,8
夏威夷果壳,8
夏威夷果的壳,8
围巾,1
华为P20,1
维生素,2
人造纤维,8
芦苇叶,8
枯萎的花,4
枯萎的鲜花,4
牛尾,4
燕尾夹,1
长尾夹,1
未使用的餐巾纸,8
调味袋,8
调味料,4
自慰棒,1
自慰器,1
卫衣,1
卫生巾,8
保温杯,1
保温棉,8
保温瓶,1
蚊香,8
蚊帐,1
蚊子,4
文胸,8
文竹,4
公文包,1
蜗牛壳,8
燕窝,4
钨丝,1
钨丝灯泡,2
污水袋,8
油污布,8
无纺布,8
无纺布袋,1
午饭,4
午餐肉,4
午餐肉罐,1
西瓜,4
西药,2
西柚,4
吸尘器,1
稀饭,4
草席,8
洗发精,8
洗发水,8
游戏机,1
虾,4
虾壳,4
吃剩下的葡萄杆,4
仙人掌,4
海鲜,4
鲜花,4
保鲜袋,8
化纤衣物,1
咸菜,4
咸鱼,4
咸鸭蛋壳,4
显卡,1
保险套,8
保险箱,1
线,8
电线,1
相机,1
茴香,4
冰箱,1
机箱,1
墨襄,8
音响,1
电脑小音响,1
橡胶,8
橡皮,8
废橡胶,8
象牙,8
小刀,1
小骨,4
羊蝎子,8
羊蝎子骨头,8
鞋,1
布鞋,1
写字纸,1
机械表,1
卸妆巾,8
卸妆棉,8
卸妆油,8
蟹,4
螃蟹,4
青蟹,4
笔屑,8
木屑,8
皮屑,8
笔芯,8
玉米心,4
信封带,1
星巴克纸杯,8
U型回形针,8
隐形眼镜,8
银行卡,1
杏仁壳,4
水性笔,8
水性漆,2
鸡胸,4
胸罩,8
修正带,8
小修正带,8
不锈钢刀,1
不锈钢杯子,1
绣花针,8
胡须刀,1
旧棉絮,1
宣纸,8
宣传单,1
皮靴,1
雨靴,1
化学试剂包装玻璃瓶,2
雪糕棒,8
雪糕纸,8
鸭血,4
血压计,1
压力罐,1
压力锅,1
鸭,4
鸭骨,4
绿豆芽,4
牙,8
雅漾喷雾,8
亚克力,1
亚克力板,1
亚克力胶水,8
香烟,8
盐,4
污染严重的纸,8
污染严重的纸盒,8
污染严重的纸张,8
颜料,8
颜料板,8
颜料笔,8
过期的燕麦片,4
验孕棒,8
羊骨,8
羊毛,1
洋装,1
海洋球,1
遮阳帽,1
除氧剂,8
环氧树脂,8
养生壶,1
家养绿植,4
腰带,1
腰果,4
高裤腰带,8
咬过的口香糖,8
草药,4
废药,2
青椰,8
椰壳,8
椰子,8
宣传页,1
广告单页,1
作业本,1
叶,4
菜叶,4
隔夜饭,4
乳液罐,1
乳液瓶,1
医用冰袋,8
大衣,1
移动电源,1
移动硬盘,1
行车记录仪,1
易拉宝,1
易拉罐,1
音箱,1
旧音箱,1
水银,2
收银条,1
隐形眼镜片,8
过期隐形眼镜,8
印泥,8
打印机,1
英语书,1
樱花,4
樱桃,4
樱桃核,4
婴儿尿不湿,8
婴儿纸尿裤,8
萤石,8
荧光棒,8
荧光笔,8
眼影,8
电影票,1
影印纸,1
硬盘,1
硬板纸,1
硬贝壳,8
游泳裤,1
信用卡,1
包装用纸,1
厕所用纸,8
优盘,1
无线路由器,1
黄油,4
有机玻璃,1
婴幼儿尿布,8
旧衣服属于,1
厨余果皮,4
厨余垃圾,4
鱼,4
黄鱼,4
雨鞋,1
语文书,1
羽毛,8
羽毛球,8
玉,8
玉米,4
玉镯,1
芋艿,4
芋头,4
浴巾,8
金属元件,1
原味鸡,4
原珠笔,8
原子笔,8
芋圆,4
电源器,1
电源线,1
月饼,4
月饼盒,1
运动服,1
运动鞋,1
旧运动鞋,1
牛杂,4
杂草,4
杂志,1
盆栽树叶,4
盆栽植物,4
再生纸,1
脏布,8
鱼内脏,4
枣,4
红枣,4
枣核,4
洗澡掉的头发,8
人造玻璃,1
人造奶油,4
香皂,8
碎小肥皂,8
干燥剂,8
包装干燥剂,8
石灰干燥剂,8
扎带,8
粽子 包扎线,8
菜渣,4
茶渣,4
豆渣,4
大闸蟹,4
大闸蟹壳,4
炸鸡,4
粘纸,8
粘鼠板,8
沾有墨水的纸,8
沾了油污的报纸,1
沾了菜油的餐巾纸,1
蘸酱,4
蘸酱盒,8
火锅蘸酱,4
图章,8
章鱼,4
纸张,1
废纸张,1
纸张类,1
擀面杖,1
账单,1
照片,2
旧照片,2
照片纸,2
床罩,1
奶罩,8
折扇,8
蔗糖,4
珍珠,1
黑珍猪,4
珍珠米,4
真空袋,8
砧板,1
木砧板,1
针,8
针管,2
枕套,1
震动棒,1
蒸汽眼罩,8
修正带内芯,8
证书,1
芝麻,4
树枝,8
蜘蛛,4
树脂,2
油脂,8
饭汁,4
蟹汁,4
织物,8
直尺,8
废直式日光灯管,2
绿植,4
植物,4
废植物,4
指甲,8
脚指甲,8
手指甲脚趾甲,8
纸,1
瓷制品,8
铝制品,1
木制品,1
木质菜板,1
三明治包装,8
中药,4
中草药,4
钟,8
粥,4
圆珠笔,8
猪,4
毛竹,8
蜡烛,8
生日蜡烛,8
白煮蛋壳,4
水煮肉片,4
煮花生壳,4
主板,1
主机板,1
电路主板,1
鸡爪,4
猪爪骨头,4
西装,1
彩妆,8
化妆棉,8
防撞塑料,8
塑胶制资料夹,1
紫菜,4
紫砂茶具,8
紫砂碎片,8
牛仔裤,1
葡萄籽,4
西瓜籽,4
被子,1
自动铅,8
自暖包,8
油渍的报纸,8
有污渍的餐盒,8
签字笔,8
棕叶,8
棕子皮,8
棕子叶,8
走油肉,4
足球,1
电钻,1
钻笔,8
钻石,1
香烟过滤嘴,8
作文书,1
竹坐垫,8
led灯,2
PET瓶,1
LED灯泡,2
kt板,1
cpu,1
ipad,1
kindle,1
PIZZA盒,8
xbox,1
iphone x,1
IPHONE手机,1
pp管,1
A4纸,1
cd,1
CD机,1
KINDLE壳,8
zippo打火机,8
x光片,2
x光胶片,2
PVC瓶,1
剩菜剩饭,4
食物残渣,4
肉类,4
鱼虾,4
蛋壳,4
鱼骨头,4
肉骨头,4
果皮,4
树叶,4
瓜子壳,4
花生壳,4
藜麦,4
鸡骨头,4
鸭骨头,4
鹅骨头,4
草莓叶,4
米饭,4
豌豆皮,4
韩国泡菜,4
普洱茶,4
残枝落叶,4
植物枝干,4
杂菜,4
动物尸体,4
牲畜粪便,4
橘子皮,4
香蕉皮,4
苹果皮,4
西瓜皮,4
芒果皮,4
山竹壳,4
洋葱皮,4
中药渣,4
宠物饲料,4
矿物猫砂,4
食用油,4
动物粪便,4
牛排,4
喜糖,4
咖啡残渣,4
大白菜,4
粽子馅,4
宠物粪便,4
猫屎,4
咖啡渣,4
鲜花瓣,4
豆腐猫砂,4
冬枣,4
大蒜叶,4
杏核,4
纸质吸管,4
茶叶渣,4
小龙虾壳,4
榴莲酥,4
榴莲肉,4
枇杷核,4
百香果壳,4
食品添加剂,4
豆制品,4
动物内脏,4
脆枣,4
废弃食用油,4
废弃调味品,4
糖果,4
水蜜桃肉,4
火龙果,4
火锅底料,4
螺蛳肉,4
排骨,4
蒜皮,4
叉烧酥,4
菠萝皮,4
南瓜籽,4
香瓜子,4
青椒,4
蒜头,4
毛豆壳,4
鸡肉,4
鸭掌,4
鱼肉,4
荔枝皮,4
方便面面条,4
螺蛳壳,4
牛油果核,4
老鼠,4
包裹着猫屎的豆腐猫砂,4
茭白,4
茭白叶,4
葡萄干,4
火龙果皮,4
椰肉,4
苹果肉,4
香瓜皮,4
扁豆,4
玉米须,4
兔子粪便,4
螃蟹壳,4
吸管纸质包装,4
西餐糕点,4
鸡脚爪,4
鸭爪,4
山楂,4
鸭翅,4
扇贝肉,4
火锅渣,4
布丁,4
奶茶中的珍珠,4
燕麦,4
薯格,4
甜品,4
水果,4
枯树叶,4
蔬菜残余,4
西兰花梗,4
桃子,4
压缩饼干,4
花生衣,4
结团猫砂,4
红豆,4
熟鸡蛋壳,4
蟑螂,4
西瓜子,4
鸡屎,4
盒饭,4
奶油,4
豆芽,4
杏仁饼,4
猫屎咖啡,4
水果干,4
鸭腿,4
车厘子核,4
平菇,4
金针菇,4
茨菇,4
藕片,4
葡萄梗,4
咖啡豆,4
丝瓜皮,4
烂水果,4
鸡皮,4
海瓜子壳,4
桂皮,4
鸡蛋仔,4
螺蛳,4
猪蹄骨,4
过期大米,4
过期糖,4
过期巧克力,4
巧克力酱,4
李子,4
鸟粪,4
栗子壳,4
核桃肉,4
李子核,4
薯条,4
柠檬皮,4
柚子皮,4
蛋白,4
干果仁,4
橄榄核,4
姜糖,4
瓜子皮,4
玉米棒,4
过期食品,4
虾头,4
牛蛙骨,4
杨梅核,4
过期调味料,4
孜然粉,4
蜂蜜,4
红豆糕,4
叉烧,4
菠萝包,4
干面条,4
干脆面,4
出前一丁面条,4
多宝鱼骨头,4
草本植物,4
小核桃肉,4
凋谢的鲜花,4
咖啡豆渣,4
蚌肉,4
盐水花生,4
盐水花生壳,4
豆浆渣,4
红枣核,4
枣子核,4
面粉,4
咖啡粉,4
桔子皮,4
橘子,4
牛油果皮,4
油桃肉,4
水蜜桃,4
樱桃干,4
龙虾片,4
土豆泥,4
废弃植物,4
玉米猫砂,4
油烟机油脂,4
油条,4
紫薯皮,4
燕麦片,4
小米,4
糯米,4
白糖,4
榨菜,4
油桃核,4
酸豆角,4
牛肉,4
鸭肉,4
话梅肉,4
鱼皮花生,4
咸蛋黄,4
冬瓜皮,4
咖啡伴侣粉,4
苦瓜,4
小龙虾头,4
石榴,4
石榴籽,4
叫化鸡,4
干辣椒,4
山药,4
土豆皮,4
炒花生米,4
蟹肉,4
虾肉,4
速冻馄饨,4
棒棒糖,4
蛤肉,4
小龙虾肉,4
蚕豆,4
樱桃梗,4
水果皮,4
皮蛋,4
咸蛋,4
奇异果,4
花甲壳,4
海底捞锅底,4
牛肉干,4
椰果,4
鸭下巴,4
芝麻酱,4
花生酱,4
小龙虾黄,4
肯德基炸鸡,4
麦当劳炸鸡,4
面饼,4
鸡蛋饼,4
煎饼,4
哈密瓜,4
哈密瓜籽,4
干树叶,4
绿豆糕,4
乒乓糯米糍,4
杏仁核,4
黄杏核,4
茶叶,4
铁观音,4
乌龙茶,4
白茶,4
桔普茶,4
水草,4
海藻,4
水果软核,4
咖喱粉,4
瓜子,4
大蒜皮,4
扇贝壳,4
咸蛋壳,4
鸭蛋壳,4
凤梨皮,4
面包屑,4
小龙虾,4
香榧子壳,4
鸡蛋皮,4
凤梨酥,4
苹果派,4
玉米芯,4
黄瓜皮,4
橙子皮,4
生鸡蛋壳,4
花茶渣,4
荷叶,4
柚子核,4
青蟹壳,4
山楂片,4
红辣椒,4
巧克力粉,4
鸭架,4
白砂糖,4
鸽粪,4
桃子皮,4
桂圆干,4
中草药材,4
梭子蟹壳,4
河虾,4
白米虾,4
象鼻蚌,4
水蜜桃核,4
糯米纸,4
鸡蛋卷,4
鸡蛋壳,4
豆干,4
豆腐干,4
冬瓜籽,4
向日葵花束,4
枯萎花束,4
笋干,4
白煮蛋,4
花蛤肉,4
蛋黄酥,4
油墩子,4
葱油饼,4
山东煎饼,4
碎骨头,4
枸杞,4
猪肝,4
碧根果肉,4
茭白皮,4
西葫芦,4
猪肉,4
小排骨,4
沙拉酱,4
拉菲草,4
大白兔奶糖,4
猕猴桃皮,4
桃仁,4
杨梅干,4
带子壳,4
玉米塑料袋,4
鸭头,4
翅尖,4
番茄沙司,4
巴旦木,4
叶子,4
鸭舌,4
黄芪,4
三七粉,4
章鱼小丸子,4
鱿鱼,4
鱿鱼丝,4
生蚝肉,4
枇杷,4
烤鸭,4
北京烤鸭,1
洋山芋,4
铁棍山药,4
鸭锁骨,4
海星,4
黑椒牛排,4
杨桃,4
胡萝卜皮,4
生肉,4
皮蛋壳,4
山楂干,4
番茄皮,4
番茄梗,4
鲜花饼,4
公丁香,4
薄荷叶,4
花甲粉,4
金丝皇菊,4
火腿肠,4
藏红花,4
基围虾,4
基围虾壳,4
烘山芋皮,4
茶叶蛋壳,4
咸鸡,4
烤鸡,4
盐水鸭,4
银耳,4
意大利面,4
烧饼,4
红薯皮,4
雪花酥,4
干桂圆壳,4
丝瓜,4
玉米粒,4
胖大海,4
干面粉,4
薰衣草,4
干花生壳,4
猫冻干,4
麻辣香锅残渣,4
菠萝蜜肉,4
五香蛋,4
莴苣,4
蒲公英,4
小笼包,4
灌汤包,4
德克士炸鸡,4
鲫鱼,4
鳜鱼,4
粉丝,4
木耳,4
花草茶渣,4
肉夹馍,4
粗盐,4
豆杆,4
青豆,4
青豆萁,4
饺子皮,4
馄饨皮,4
白瓜子,4
煎饼果子,4
小葱,4
木瓜,4
木瓜籽,4
可降解吸管,4
小肉骨头,4
螺蛳粉,4
芋艿皮,4
花椒粉,4
绿豆沙,4
荞麦,4
荞麦面,4
阿胶,4
宽粉条,4
毛豆皮,4
麦片,4
纸吸管,4
调制海藻面膜,4
桂花糕,4
猪皮,4
臭虫,4
芡实糕,4
牛轧糖,4
火鸡骨头,4
鸡头,4
猪排,4
猪扒,4
蜗牛,4
鱼饲料,4
银杏果,4
麻花,4
鱼头,4
早餐谷物,4
猪小排,4
猪肉排骨,4
玉米纤维袋,4
话梅壳,4
乌梅壳,4
山竹核,4
鸡软骨,4
杏子核,4
虾皮,4
虾米,4
蟠桃核,4
手擀面,4
甲鱼小骨,4
猪肋排,4
里脊肉,4
木薯淀粉,4
香蕉干,4
鸭皮,4
纸巾,8
牙签,8
一次性筷子,8
陶瓷类废弃物,8
清扫渣土,8
陶瓷碗碟,8
大块骨头,8
植物硬壳,8
枯萎花草,8
塑料袋,8
保鲜膜,8
A4纸包装袋,8
零食包装袋,8
快递包装袋,8
热饮杯盖,8
咖啡杯杯盖,8
干电池（无汞）,8
纸尿裤,8
卫生纸,8
卫生巾外层薄塑纸,8
湿纸巾,8
旧浴缸,8
盆子,8
坏马桶,8
旧水槽,8
坛子,8
菜板,8
砖块,8
杯子,8
瓦片,8
西梅核,8
坏的花盆,8
木质梳子,8
脏污衣服,8
湿垃圾袋,8
水彩笔,8
过期化妆品,8
旧镜子,8
猫罐头,8
牙膏壳,8
椰子壳,8
塑料垃圾袋,8
污染纸张,8
废弃食品袋,8
一次性餐盒,8
旧毛巾,8
牙膏皮,8
废弃的纸张,8
装修废弃物,8
盛放厨余果皮的垃圾袋,8
灰土,8
污染较严重的纸,8
核桃壳,8
头发,8
胶带,8
一次性咖啡纸杯,8
奶茶纸杯,8
护理垫,8
包裹着狗屎的纸巾,8
包裹着狗屎的报纸,8
雪糕袋,8
棉花棒,8
橡皮泥,8
粽叶,8
猫毛,8
小票,8
蚊香片,8
暖宝宝,8
干冰,8
铅笔屑,8
被污染的垃圾袋,8
田螺壳,4
蛏子壳,8
文蛤壳,8
水彩颜料,8
一次性口罩,8
口香糖,8
一次性塑料袋,8
污渍纸巾,8
木瓶塞,8
指甲片,8
大米袋,8
烟盒,1
烧烤木签,8
棉花球,8
泡沫盒子,8
大龙虾壳,8
中药袋,8
胶带纸,8
薯片罐,8
牙线,8
塑料吸管,8
一次性保鲜膜,8
湿巾纸,8
瓷器碎片,8
砖瓦陶瓷,8
雪糕包装袋,8
泡面桶,8
酒精棉花,8
玉米皮,8
奶茶塑料杯,8
头屑,8
帝王蟹壳,8
一次性用品,8
渣土,8
陶瓷制品,8
烘培纸,8
除湿袋,8
滤纸,8
生蚝壳,8
猪大骨,8
一次性塑料餐盒,8
调料袋,8
发热包,8
洗衣液包装袋,8
咖啡滤纸,8
包裹着狗屎的塑料袋,8
塑料盖子,8
头饰,8
胶囊咖啡,8
椰青壳,8
吸油纸,8
厨房用纸,8
琴弦,8
呕吐物纸巾,8
纸质包装袋,8
方便面桶,8
面膜包装袋,8
塑料拖鞋,1
橡皮筋,8
水笔笔芯,8
湿灰尘,8
蛤蜊壳,8
纽扣（少量）,8
一次性塑料手套,8
中性笔,8
KFC食物包装,8
蚊香灰,8
乳胶,8
玻璃胶,8
带有婴儿粪便的尿不湿,8
暖宝宝贴,8
牛奶袋,8
血糖试纸,8
餐饮外卖盒,8
油画颜料,8
油画颜料软管,8
吸管塑料包装,8
橡胶制品,8
橡胶手套,8
过期口红,8
黄油包装纸,8
脏纸尿裤,8
蛋糕盒,8
干净无油食品包装袋,8
面包袋,8
蛋糕袋,8
快递单,8
营养土,8
一次性塑料盘,8
冰宝贴,8
一次性塑料调羹,8
手指甲,8
小纸屑,8
眼镜架,8
陶土花瓶,8
牛肋骨,8
被油污污染过的报纸,8
脏纸巾,8
衣服标签,8
小核桃壳,8
电蚊香片,8
瓷碎片,8
卫生棉条,8
一次性塑料浴帽,8
一次性纸餐盘,8
纸巾包装袋,8
抽纸塑料袋,8
毛笔写过的纸,8
塑料表带,8
粉饼盒,8
502胶水,8
硅胶猫砂,8
水晶猫砂,8
冰淇淋包装袋,8
护手霜,8
粉尘,8
一次性餐具,8
卸妆纸巾,8
洗衣粉,8
气泡膜,8
智齿,8
钢丝球,8
一次性纸杯,8
大头针,8
永生花,8
带有婴儿粪便的纸尿裤,8
塑封袋,8
圆珠笔芯,8
面膜外层纸,8
袋泡茶,8
塑料花,8
冰箱贴,8
假睫毛胶水,8
洗碗布,8
电话卡,8
手机壳,8
面巾纸,8
泥土,8
网球,8
烟灰,8
毛衣针,8
护发精油,8
紫砂壶,8
防晒喷雾,8
棉花,8
寄居蟹,8
水饺包装袋,8
巧克力包装袋,8
饼干包装袋,8
奶嘴,8
糖纸,8
胡须,8
包裹着痰的纸巾,8
包裹着鼻涕的纸巾,8
KFC纸盒,8
麦当劳纸盒,8
牛骨,8
啤酒瓶盖,1
糖果皮,8
包裹着西瓜籽的纸巾,8
包裹着鼻屎的纸巾,8
冷饮包装,8
外卖塑料袋,8
外卖塑料盒,8
外卖纸盒,8
5号电池（无汞）,8
7号电池（无汞）,8
湿头发,8
毛发,8
一次性手套,8
卸妆膏,8
手机膜,8
防霉防蛀片,8
卫生护垫,8
摩丝罐,8
厨房手套,8
沐浴球,8
耳塞,8
牙线棒,8
修正液,8
废纸,8
卫生间用纸,8
陶瓷花瓶,8
陶瓷花盆,8
防碎气泡膜,8
污损塑料袋,8
水晶泥,8
胶纸,8
剃须泡沫罐,8
风油精,8
奶茶塑料盖,8
打火机,8
擦碗布,8
碱性电池,8
烧烤锡纸,8
外卖饭盒,8
装过湿垃圾的塑料袋,8
纸质外卖盒,8
塑料外卖盒,8
马桶刷,8
狗尿垫,8
太空沙,8
带胶制品,8
竹制品,8
成分复杂的制品,8
皮皮虾壳,8
使用过的安全套,8
青口贝,8
碎纸屑,8
洗头膏,8
番茄酱包装袋,8
面纸,8
身体乳,8
青草膏,8
洁面摩丝,8
一次性塑料勺子,8
眼线笔,8
眉粉,8
沾有油渍的食品包装袋,8
薯片包装袋,8
自动铅笔笔芯,8
香薰球,8
隐形眼镜护理液,8
脏卫生巾,8
湿塑料袋,8
牛骨棒,8
草纸,8
雨衣,8
湿纸巾包装,8
纸饭盒,8
成人用品,8
河蚌壳,8
香肠壳,8
发夹,8
发带,8
驱蚊香片,8
薯片盒,8
吸尘器灰尘,8
粉扑,8
咖啡胶囊,8
鸡毛,8
安全套包装袋,8
尿片,8
冰棒棍,8
广告颜料,8
陶泥,8
猪骨头,8
使用过的面膜,8
使用过的卫生巾,8
喝过的奶茶杯子,8
高密度碎纸机处理的碎纸,8
泡面袋,8
太阳眼镜,8
美妆蛋,8
胭脂,8
油条包装袋,8
奶茶杯,8
购物卡,1
订书机钉,8
彩泥,8
冰贴,8
棒冰棍,8
香烟头,8
泡沫饭盒,8
PH试纸,8
葡萄酒木塞,8
包裹着口香糖的纸巾,8
火腿肠包装纸,8
艾灸条,8
保冷剂,8
草木灰,8
驱蚊手环,8
挂耳咖啡,8
滤挂咖啡,8
柳絮,8
洗涤液包装袋,8
石锅,8
灭蚊灯,8
红酒塞,8
枕巾,8
1号电池（无汞）,8
电子烟烟弹,8
陶瓷盘子,8
榨菜袋,8
卷筒纸,8
方便面调味包,8
脱毛膏,8
三角裤,8
平角裤,8
海绵粉扑,8
一次性竹筷子,8
碎碗,8
白板笔,8
海螺壳,8
花蛤壳,8
棉线,8
糖包,8
鼠标垫,8
便条贴,8
水果塑料盒,8
糖浆包,8
泳镜,8
粘土,8
干草,8
酸奶勺,8
中药包,8
猪腿骨,8
茶叶包,8
豆浆杯,8
测血糖针,8
唇釉,8
一次性打火机,8
棒棒糖棒子,8
旧内衣,8
牛骨头,8
冰棒皮,8
冰棒外包装,8
滴漏式咖啡,8
星巴克咖啡杯,8
星巴克塑料杯,8
下水道杂物,8
电蚊香液瓶,8
膨润土猫砂,8
油污纸,8
稻草,8
擦过鼻涕的纸巾,8
粘毛滚纸,8
酱油袋,8
湿海绵,8
羊大骨,8
塑料笔杆,8
过期护肤品,8
发箍,8
壁纸,8
墙纸,8
薯片袋,8
脏抹布,8
润肤乳,8
脏玻璃瓶,8
外卖盒子,8
外卖餐具,8
调料包,8
辣条包装袋,8
储奶袋,8
玉米衣,8
电动牙刷刷头,8
过期防晒霜,8
塑料打包盒,8
透明打包盒,8
食品密封袋,8
食品保鲜袋,8
榛子壳,8
气垫膜,8
碧然德过滤芯,8
粘尘纸,8
过滤袋,8
炼乳壳,8
装蔬菜的塑料袋,8
脚趾甲,8
油画刷,8
墨胆,8
脏卸妆棉,8
痘痘贴,8
甲鱼壳,8
自热火锅加热包,8
酸奶杯盖,8
净化器滤芯,8
纸巾袋,8
艾灸贴,8
便纸,8
双眼皮贴,8
包裹着猫屎的塑料袋,8
蜡烛包装,8
卫生巾外包装,8
豆腐盒,8
卫生巾包装袋,8
海绵蛋,8
方便面盒,8
纸皮核桃,8
卷筒纸外包装,8
牙签塑料盒,8
醋包,8
醋袋,8
食品塑料盒,8
仓鼠垫沙,8
干发巾,8
喜茶杯,8
面粉袋,8
吸管薄膜,8
蟑螂贴,8
眼贴膜,8
眼膜,8
鼻贴,8
去黑头鼻贴,8
一次性尿布,8
香烟灰,8
湿厕纸,8
烧烤竹签,8
锡箔餐盒,8
湿厕纸包装袋,8
酸奶吸管,8
铅笔芯,8
地板蜡,8
粽子包裹绳,8
塑料咖啡杯,8
硅藻泥,8
眼镜盒,8
逗猫棒,8
宠物饲料包装袋,8
滤尘袋,8
纸胶带,8
膨化食品包装袋,8
眼部精华胶囊,8
食品干燥剂,8
纸咖啡杯,8
空气清新剂罐,8
空调滤芯,8
珍珠奶茶杯,8
早餐奶包装袋,8
粉底液,8
墙灰,8
湿抹布,8
一次性内裤,8
生物冰袋,8
桃子核,8
陶瓷杯,8
脏牛奶盒,8
一次性塑料杯,8
乐事薯片盒,8
蛋黄酥包装盒,8
瓷勺,8
养乐多盖,8
胶布,8
一次性洗脸巾,8
沸石猫砂,8
早餐塑料袋,8
豆浆杯盖,8
口红盒,8
包裹着猫屎的膨润土猫砂,8
游泳眼镜,8
老花眼镜,8
蜡烛塑料模,8
塑料挂钩,8
奶粉勺子,8
减震泡泡膜,8
擦手纸,8
奶粉盖,8
水粉颜料,8
机票,8
演唱会票,8
车票,8
大头钉,8
热敏纸,8
不干胶纸,8
饮料瓶标签,8
方便面包装袋,8
标签纸,8
沙拉袋,8
快递贴纸,8
气泡垫,8
废瓷砖,8
水果罐,8
保湿喷雾,8
火车票,8
退烧贴,8
卸妆油瓶,8
水果包装袋,8
泡面调料包,8
冻干粉面膜,8
软膜撕拉面膜,8
卷笔刀,8
化妆品瓶盖,8
N次贴,8
纳米海绵,8
一次性剃须刀片,8
塑料油壶,8
眼线液,8
避孕套包装,8
兔毛,8
大龙虾头,8
一次性塑料鞋套,8
粽子皮,8
牛皮筋,8
修眉刀,8
头绳,8
艾灸渣,8
牙套,8
塑料刷子,8
防蚊手环,8
搓澡巾,8
烟丝,8
方便面叉子,8
汉堡纸,8
眼镜布,8
果冻包装盒,8
干冰袋,8
头皮屑,8
长寿果壳,8
超市塑料袋,8
防震膜,8
羊肉骨头,8
酱油包装袋,8
一次性餐具包装,8
爽身粉,8
84消毒液瓶,8
炸鸡包装袋,8
气泡纸,8
液体蚊香,8
织带,8
液体蚊香瓶,8
卸妆乳瓶,8
包裹着鸡蛋壳的餐巾纸,8
气泡袋,8
条码纸,8
干草包装袋,8
猫粮包装袋,8
香肠竹签,8
破碎盘子,8
荷兰猪毛,8
碳性电池,8
串串竹签,8
旧口罩,8
扇子,8
乳垫,8
吸味剂,8
烟盒内锡纸,8
旧牙刷,8
马克杯,8
绿豆包装,8
菠萝蜜核,8
日抛,8
牙贴,8
一次性电子烟,8
果冻壳,8
湿面巾纸,8
购物小票,8
冰淇淋纸,8
红茶包,8
自热包,8
丙烯颜料,8
陶瓷烟灰缸,8
丝瓜筋,8
带油抹布,8
塑料牙签,8
鸽毛,8
毛笔,8
脱酸素剂,8
消毒棉,8
油性笔,8
发卡,8
防潮袋,8
刘海夹,8
饼干袋,8
浴沙,8
冷饮包装纸,8
一次性拖鞋,8
足浴袋,8
吸湿剂,8
洗衣粉袋,8
化妆品密封塑料膜,8
湿报纸,8
婴幼儿纸尿裤,8
眼镜框,8
油污湿巾纸,8
脱氧保鲜剂,8
关东煮纸杯,8
碘酒棉球,8
酒精棉球,8
珍宝蟹,8
泡脚袋,8
一次性便当盒,8
羊肉串棒,8
碳包,8
手机链,8
卤料包,8
五子棋,8
化妆镜,8
香囊,8
塑料带,8
测血糖试纸,8
足贴,8
牛肉骨头,8
必胜客纸盒,8
奶茶盖,8
隐形眼镜盒,8
酒精棉片,8
光碟包,8
烤串棒,8
棒冰包装袋,8
湿卫生纸,8
席子,8
竹炭包,8
园艺土,8
牛排包装,8
蔬菜包装袋,8
烫发剂壳,8
瑞幸咖啡杯,8
厨房纸巾,8
塑料糖纸,8
纸巾外包装,8
卫生卷纸,8
全棉时代纸巾,8
雪糕棍,8
卫生棒,8
防蚊贴,8
湿纸巾包装袋,8
腋毛,8
胡渣,8
面条包装袋,8
魔芋粉包装袋,8
清凉贴,8
固体清香剂,8
腮红,8
轻质彩泥,8
巧克力锡纸,8
橡皮擦,8
黑板擦,8
白板擦,8
碗碎片,8
湿烟头,8
清洁抹布,8
便签纸,8
泡泡糖,8
吸油面纸,8
肉类包装盒,8
扣子,8
内衣包装袋,8
太阳镜,8
灭蚊片,8
CD,8
DVD,8
混合猫砂,8
水笔芯,8
键盘清洁胶,8
塑料夹子,8
砚台,8
证件塑料壳,8
登机牌,8
竹牙签,8
牛尾骨,8
湿纸箱,8
风油精瓶,8
驱蚊贴,8
硅胶手环,8
气垫BB霜,8
橡皮屑,8
中药面膜,8
牙刷头,8
牛肉干包装,8
胸贴,8
牛仔骨,8
盐包装袋,8
浴花,8
扫描仪,1
投影仪,1
包装纸,1
硬纸板,1
纸板箱,1
包装盒,1
点心盒,1
纸巾盒,1
牛奶盒,1
饮料利乐包装,1
PET塑料瓶,1
饮料瓶,1
硬质塑料瓶,1
塑料盒,1
冰淇淋盒,1
塑料杯,1
酸奶杯,1
果冻杯,1
软桶,1
塑料泡沫,1
气泡缓冲材料,1
水果网套,1
废弃塑料文具,1
玻璃瓶,1
碎玻璃片,1
其他玻璃制品,1
金属盒,1
其他金属制品,1
金属文件柜,1
沙发,1
茶几,1
办公桌,1
文件柜,1
椅子,1
皮带,1
香水瓶,1
食品罐头,1
旧书包,1
旧鞋子,1
旧塑料篮子,1
旧玩偶,1
旧铁锅,1
不锈钢垃圾桶,1
旧帽子,1
旧夹子,1
废锁头,1
雨伞骨架,1
旧纸袋,1
纸盒,1
旧玩具,1
办公用纸,1
广告用纸,1
暖水瓶,1
废弃衣服,1
桌布,1
塑料包装,1
铁皮罐头,1
报废车辆,1
家电家具,1
玻璃烟灰缸,1
泡沫箱,1
墨水瓶,1
塑料垃圾桶,1
塑料饮料杯,1
吸铁石,1
塑料假花,1
指南针,1
自行车轮胎,1
袜子,8
竹签,1
旧衣服,1
轮胎,1
酸奶盒,1
钉子,1
地板砖,1
塑料壳,1
护肤品玻璃罐,1
奶粉罐,1
塑料瓶瓶盖,1
锡纸,8
废旧电子产品,1
鞋垫,1
过滤网,1
皮鞋,1
广告纸片,1
打印纸,1
菜刀,1
塑料盆,1
塑料桶,1
塑料日用品,1
塑料餐具,1
塑料纸,1
充电装置,1
砖头,1
水泥砖,1
矿泉水桶,1
可乐瓶,1
废旧木柴,1
保温袋,1
碎纸,1
铁盒,1
插线板,1
电风扇,1
水龙头,1
抗光屏,1
幕布,1
地球仪,1
空气净化器过滤网,1
化妆品瓶,1
未被污染的输液瓶,1
未被污染的输液袋,1
手机,1
溜冰鞋,1
废电路板,1
藤条,1
棕榈蜡,1
消毒液瓶,2
自行车,1
洗面奶瓶,1
床垫,1
木板,1
铝箔纸,1
铁制品,1
铜制品,1
泡沫塑料,1
雪碧罐,1
废旧小家电,1
卫生纸内芯,1
可口可乐瓶,1
笔记本电脑,1
电饭煲,1
塑料玩具,1
洗发水瓶,1
护发素瓶,1
洗衣液瓶,1
皮包,1
食用油桶,1
塑料衣架,1
铝膜,1
塑料水管,1
铁管,1
铜管,1
塑复钢管,1
铝塑复合管,1
金属管,1
红酒瓶,1
香槟瓶,1
白酒瓶,1
可乐瓶瓶盖,1
电动玩具,1
镜片,1
照相机,1
塑料花盆,1
无纺布手提袋,1
纸箱,1
iPad,1
墨汁瓶,1
化妆水瓶,1
护肤品瓶,1
护肤乳液瓶,1
酱油瓶,1
钢琴,1
手链,1
手镯,1
木头,1
碎玻璃制品,1
电动牙刷,1
塑料包装纸盒,1
金属香炉,1
铅球,1
脸摩仪,1
脉动饮料瓶,1
跑步机,1
手电筒,1
螺钉,1
糖果罐,1
毛绒玩具,1
烧水壶,1
电冰箱,1
洗衣机,1
电烤箱,1
洗碗机,1
扫地机器人,1
面霜瓶,1
糖果盒,1
电话机,1
小提琴,1
塑料架,1
茶叶罐,1
酒精瓶,1
座椅垫,1
蛋挞盒,1
纸质卡片,1
硅胶玩具,1
KFC纸袋,1
旧报纸,1
真空压缩袋,1
螺丝,1
尼龙袋,1
纸塑铝复合包装,1
油桶,1
食品保鲜盒,1
衣架,1
玻璃放大镜,1
窗玻璃,1
刀,1
螺丝刀,1
枕头,1
电子血压仪,1
塑料饭盒,1
木凳,1
木椅,1
收音机,1
铃铛,1
棉布,1
咖啡隔热纸,1
毛线,1
塑料梳子,1
旧锁,1
纱线手套,1
不锈钢勺子,1
乐扣乐扣,1
木质拼板,1
眼霜罐,1
马桶盖,1
饮料瓶盖,1
玻璃锅盖,1
棉花被,1
防晒衣,1
地铁票,1
脸盆,1
脚盆,1
洗脸仪,1
电动剃须刀,1
充电牙刷,1
电炖锅,1
高压锅,1
热水袋,1
充电热水袋,1
玻璃碎片,1
废钥匙,1
干净饮料瓶,1
废报纸,1
旧被单,1
废旧吸铁石,1
冰红茶利乐包装,1
金属瓶盖,1
香烟盒,1
香烟壳,1
金手链,1
金项链,1
热水瓶,1
脚垫,1
钢化玻璃,1
纸质杯套,1
塑料杯套,1
星巴克纸袋,1
木条,1
木棍,1
簪子,1
鼓棒,1
奥特曼玩具,1
洗手液瓶,1
滑板,1
电源插头,1
信纸,1
画框,1
洗涤液瓶,1
二手手机,1
电动卷发棒,1
洗洁精瓶,1
拖把桶,1
台布,1
布艺窗帘,1
软玻璃,1
水晶板,1
钨丝灯,1
鲜奶盒,1
球鞋,1
草稿本,1
鞋带,1
干发帽,1
铝箔袋,1
纸质礼品盒,1
易拉罐拉环,1
书包,1
铁调羹,1
铁盒子,1
浴帘,1
泳帽,1
泳衣,1
电动保温箱,1
起钉器,1
消费卡,1
步步高学习机,1
塑料晾衣杆,1
金属零件,1
皮夹,1
旧布鞋,1
金子,1
金器,1
书本,1
拉杆箱,1
棉被,1
金属钥匙扣,1
午餐肉罐头,1
帆布袋,1
变形金刚,1
皮质钱包,1
肯德基纸袋,1
纸牌,1
旧拖鞋,1
塑料酸奶盒,1
老干妈瓶子,1
洁厕灵瓶子,1
耳钉,1
奥特曼卡片,1
旧枕头,1
牛奶瓶,1
衣服干洗剂瓶,1
速冻食品保温袋,1
泡沫保温箱,1
玩具盒,1
玩具塑料盒,1
矿泉水瓶盖,1
垃圾箱,1
太空望远镜,1
铁丝,1
铜丝,1
金属门吸,1
吸门器,1
瑜伽垫,1
旧瑜伽垫,1
纸袋子,1
塑料膜,1
铁罐,1
鸡蛋盒,1
隐形眼镜包装盒,1
拍拍净瓶罐,1
喜糖铁盒子,1
废旧报纸,1
磁带播放器,1
纸质印刷品,1
排插,1
星巴克杯托,1
料酒瓶,1
木质拖把杆,1
金属拖把杆,1
小木棍,1
旧皮鞋,1
巴黎水玻璃瓶,1
自拍杆,1
置物架,1
球拍,1
清洁剂瓶,1
木质玩具,1
高尔夫球杆,1
铜线,1
快递纸箱,1
旧相机,1
乐高玩具,1
棉拖鞋,1
脏袜子,1
羽毛球拍,8
乒乓球拍,1
电子灭蚊拍,1
塑料瓶盖,1
卷筒纸芯,1
卡纸,1
奶粉桶,1
玩具塑料包装纸盒,1
曲奇铁罐,1
蓝罐曲奇盒,1
塑料标签,1
保鲜膜带齿盒,1
内存卡,1
背包,1
酸奶玻璃瓶,1
芯片,1
鞋盒,1
CPU,1
漱口水瓶,1
雨伞伞面,1
电脑机箱,1
塑料碗,1
玻璃渣,1
精华玻璃瓶,1
衣服包装袋,1
PS4,1
蜂蜜柚子茶玻璃罐,1
拖线板,1
包书纸,1
洁厕液瓶,1
玻璃密封容器,1
蓝牙耳机,1
牛皮纸,1
铅笔盒,1
玻璃电子秤,1
显示屏,1
蜜蜡,1
暖壶胆,1
玻璃蜡烛杯,1
雪弗板,1
快递纸袋,1
热水瓶胆,1
木盒子,1
枕芯,1
旧跑鞋,1
行李箱,1
麦当劳咖啡杯杯盖（印有可回收标志）,1
肯德基豆浆杯盖（印有可回收标志）,1
羽绒服,1
无纺布包,1
保温壶,1
金属晾衣杆,1
橄榄球,1
塑料桌布,1
炒菜铁锅,1
铁衣架,1
网卡,1
口香糖塑料盒,1
美年达饮料瓶,1
圆规,1
布鞋套,1
青铜,1
皮料,1
电锯,1
钢尺,1
水槽过滤网,1
合金筷子,1
螺丝钉,1
饮料玻璃瓶,1
玻璃花瓶,1
旧剪刀,1
电热水壶,1
Kindle,1
榨汁机,1
搅拌器,1
鱼竿,1
芭比娃娃,1
塑料储物箱,1
脱排油烟机,1
燃气灶,1
童鞋,1
闹铃,1
电水壶,1
旅行箱,1
饼干盒,1
首饰盒,1
味全果汁瓶,1
榨果汁机,1
百叶窗,1
金属鱼钩,1
橡胶拖鞋,1
化妆品外包装纸盒,1
电瓶车防晒垫,1
罐头瓶,1
环保布质垃圾袋,1
浴室防滑垫,1
手机屏,1
棉签盒,1
羊毛被,1
iPhone,1
翡翠手镯,1
汽车模型,1
秋裤,1
铁皮盖,1
食用油玻璃瓶,1
奶粉罐铝盖,1
洗衣液桶,1
吉他,1
酱菜瓶,1
腐乳瓶,1
维他奶包装,1
易拉罐盖,1
指甲刀,1
牙膏盒,1
搓衣板,1
咖啡杯套,1
果酱瓶,1
佐料瓶,1
丝绸,1
毛皮,1
椰奶盒,1
塑料文件袋,1
美肤仪,1
洁面仪,1
健身器材,1
纯牛奶纸盒,1
电动刮痧板,1
大提琴,1
水果刀,1
丝带,1
塑料沙漏,1
手机支撑架,1
滴露瓶,1
USB线,1
塑料拖把杆,1
番茄酱瓶,1
牛奶塑料瓶,1
旧窗帘,1
椰汁瓶,1
手机充电宝,1
手机充电器,1
凉鞋,1
节能灯插座,1
花洒软管,1
软塑料隔热垫,1
银行账单,1
喷火枪,1
酸奶瓶,1
打气筒,1
神仙水瓶,1
塑料调色盘,1
木勺,1
卷纸内芯,1
卷筒纸内芯,1
椰奶罐,1
卷纸芯,1
木棒,1
五金材料,1
塑料锅铲,1
木质锅铲,1
牙线盒,1
乐扣塑料盒,1
乐扣玻璃盒,1
木质花架,1
绿茶包装盒,1
电蒸锅,1
钻戒,1
银戒指,1
即冲奶茶包装盒,1
电容,1
电阻,1
二极管,1
三极管,1
废食用油瓶,1
开关,1
鸡蛋包装盒,1
黑板,1
豆浆机,1
铁罐子,1
CD塑料盒,1
香薰玻璃瓶,1
真皮制品,1
羊皮制品,1
皮草制品,1
化妆品玻璃瓶,1
帆布鞋,1
休闲鞋,1
关东煮隔热杯套,1
烫衣板,1
废弃药瓶,2
手机电池,2
废荧光灯管,2
废水银温度计,2
废水银血压计,2
过期药品,2
废农药,2
节能灯（含水银）,2
LED 灯（含水银）,2
油漆桶,2
酒精,2
调色板,2
过期的胶囊药物,2
过期药片,2
医用棉签,2
医用手套,2
农药瓶,2
医用纱布,2
口服液瓶,2
废弃灯泡,2
油漆笔,2
锂电池,2
生石灰,2
胶卷底片,2
废矿物油,2
消毒剂,2
胶片,2
废血压计,2
废镍镉电池,2
氧化汞电池,2
工业胶水,2
胶合剂,2
染发剂,2
染发膏,2
钮扣电池,2
打印机墨盒,2
硒鼓,2
指甲油瓶子,2
雷达瓶子,2
塑料药盒,2
过期指甲油,2
卸甲膜,2
医用针管,2
膏药,8
药瓶,2
药包装,2
咳嗽药水瓶,2
针头,2
塑料药瓶,2
药片包装,2
药品包装袋,2
一次性注射器,2
玻璃药瓶,2
开塞露,2
板蓝根冲剂,2
口服液,2
铅酸电池,2
荧光灯,2
卸甲水,2
水银体温计,2
X光片,2
相片底片,2
深海鱼油,2
眼药水,2
笔记本电脑电池,2
过期感冒药,2
冻干粉,2
杀虫子罐,2
染发手套,2
钙片,2
药膏,2
药膏包装壳,2
眼药水瓶,2
药水玻璃瓶,2
空药瓶,2
空调清洗消毒液瓶,2
安神补脑液瓶,2
蟑螂药,2
过期西药,2
药品纸盒,2
伤筋膏药,2
伤筋药膏包装,2
止痛膏,2
纸药盒,2
除渍剂,2
西药瓶,2
保健品瓶子,2
打印机色带,2
给药器,2
松节油,2
维生素瓶,2
药液袋,2
药片铝塑包装,2
医用注射器,2
输液瓶,2
碳粉盒,2
化学剂桶,2
胶水桶,2
马应龙,2
鱼油胶囊,2
药壶,2
碘酒瓶,2
外敷伤药,2
膏药布,2
透明塑料药瓶,2
樟脑丸,2
电灯泡,2
金霉素眼药膏,2
咳嗽药片,2
达克宁药膏,2
达克宁药膏皮,2
卸甲油,2
止咳糖浆瓶,2
痔疮膏,2
泡腾片,2
阿胶糕,4
塑料档案袋,1
纸质档案袋,1
河蚌,8
背心,1
贝壳肉,4
方便面袋,8
茶饼,4
玻璃罐,1
铝箔包,8
锡箔纸,8
不锈钢杯,1
餐巾纸,8
党参,4
残渣剩饭,4
草帽,8
电池,2
干电池,2
塑料尺,1
不锈钢尺,1
毛毛虫,4
宠物毛发,8
金属厨具,1
厨房垃圾袋,8
纯棉靠垫,1
纯棉靠枕,1
磁盘盒,1
磁片盒,1
暖瓶玻璃内胆,1
打碎的碗,8
鱼的内脏,4
塑料凳,1
地瓜皮,4
快递冰袋,8
过期糕点,4
冬笋,4
水银温度计,2
防晒霜空瓶,1
废花盆,8
废胶片,2
凤梨,4
中药敷贴,8
护肤品玻璃空瓶,1
护肤品塑料空瓶,1
护肤霜玻璃空瓶,1
猪肉脯,4
可擦复写笔,8
塑料盖,1
青菜杆,4
玻璃烟缸,1
隔离霜空瓶,1
各类过期药品,2
金属工具,1
含汞电池,2
狗尿布,8
鸡骨,4
挂耳咖啡包,8
铝锅,1
过滤芯,8
电焊丝,1
木盒,1
黑木耳,4
护发素塑料空瓶,1
精华液玻璃空瓶,1
精华液塑料空瓶,1
油画,8
油画棒,8
家养花卉,4
木质积木,1
鸡骨架,4
金属衣架,1
无汞碱性电池,8
豆角壳,4
节能灯泡,2
桔子,4
洗洁精空瓶,1
酒精棉,8
干净的纸杯,8
净水器滤芯,8
旧草帽,8
玻璃餐具,1
塑料卡片,1
烤肉,4
乐扣乐扣塑料盒,1
木筷子,1
塑料筷子,1
宽粉,4
金属制菜篮子,1
烂黄瓜,4
利乐枕,1
利乐砖,1
可乐空罐,1
鱼类,4
荔枝,4
长筒连裤袜,8
护脸霜玻璃空瓶,1
护脸霜塑料空瓶,1
鸟粮,4
木质晾衣架,1
不锈钢晾衣杆,1
过期零食,4
金属哑铃,1
榴莲,8
花露水玻璃空瓶,1
沐浴露玻璃空瓶,1
沐浴露塑料空瓶,1
马甲袋,8
满天星,4
话梅核,4
空灭火器,1
灭蚊剂瓶,2
包书膜,8
磨砂膏塑料空瓶,1
废旧抹布,8
墨鱼,4
泡沫餐盒,8
塑料收纳箱,1
无纺布收纳箱,1
奶片,4
胶囊药片,2
镉镍电池,2
镍铝电池,2
泡菜,4
杀虫喷雾罐,2
杀虫喷雾瓶,2
玻璃盆,1
瓜皮,4
收银小票,1
废药品,2
铝瓶,1
破瓷瓶,8
过期茶叶,4
乳胶漆,2
空煤气罐,1
彩色铅笔,8
木头铅笔,8
青草,4
镍氢电池,2
装订铁圈,1
燃气罐空瓶,1
燃油罐空瓶,1
染发料瓶,2
日光灯管,2
金属制容器,1
毛绒垫,1
果肉,4
润发乳空瓶,1
润肤霜玻璃空瓶,1
砂纸,8
杀虫剂罐,2
杀虫剂瓶,2
沙包,8
防晒霜玻璃空瓶,1
防晒霜塑料空瓶,1
山芋皮,4
剩饭剩菜,4
风干食品,4
过期粮食,4
狗屎纸,8
过期芝士,4
手纸,8
受污染纸张,8
腐烂蔬菜,4
金属锅,1
漱口水塑料空瓶,1
面霜塑料空瓶,1
爽肤水玻璃空瓶,1
爽肤水塑料空瓶,1
死鱼,4
速冻饺子包装,8
酸奶利乐包装盒,1
碎玻璃,1
碎瓷片,8
污损报纸,8
污损纸盒,8
太阳能电池,2
羊毛毯,1
碎陶瓷,8
陶瓷刀,8
田螺肉,4
铁桶,1
纸筒,1
竹筒,8
薯片外包装,8
陶瓷碗,8
调味品,4
保温材料,8
无花果壳,4
衣物,1
锡纸盒,8
竹席,8
相片,2
相纸,2
相片纸,2
橡胶垫,8
84消毒液空瓶,2
小排,4
卸妆油空瓶,1
杏,4
铅蓄电池,2
雪蟹蟹壳,4
龙眼壳,4
过期燕麦片,4
羊肉,4
花椰菜,4
口服液药瓶,2
洗手液空瓶,1
皮衣,1
电影胶片,2
有机溶剂包装,2
玉米杆,4
鲜肉月饼,4
家养盆栽,4
药渣,4
炸鸡腿,4
粘鼠胶,2
木质擀面杖,1
塑料擀面杖,1
纸质账单,1
照相机电池,2
塑料砧板,1
乳制品,4
玻璃制品,1
圆珠笔笔套,1
水煮花生壳,4
包装袋,8
自动铅笔,8
钻头,1
